"","value","pctprod","carbonemissions"
"1",45060213037,0.133048688675828,2404.205952742
